{"cameraMode":{"drawMode":0,"name":"Shaded","section":"Shading Mode"},"sceneLighting":true,"audioPlay":false,"sceneViewState":{"m_AlwaysRefresh":false,"showFog":true,"showSkybox":true,"showFlares":true,"showImageEffects":true,"showParticleSystems":true,"showVisualEffectGraphs":true,"m_FxEnabled":true},"in2DMode":false,"pivot":{"x":3.6178128719329836,"y":1.0182204246520997,"z":-3.105889320373535},"rotation":{"x":-0.05651259794831276,"y":0.6833066940307617,"z":-0.05321493372321129,"w":-0.7260304093360901},"size":1.7007055282592774,"orthographic":false}